year,CRITICAL,HIGH,MEDIUM,LOW,NA
1999 , 0 , 809 , 566 , 165 , 33
2000 , 0 , 530 , 579 , 128 , 0
2001 , 0 , 726 , 638 , 174 , 13
2002 , 1 , 1083 , 1107 , 163 , 33
2003 , 0 , 693 , 711 , 96 , 47
2004 , 2 , 1067 , 1334 , 241 , 59
2005 , 4 , 1864 , 2340 , 415 , 135
2006 , 4 , 2949 , 3513 , 525 , 143
2007 , 10 , 3113 , 3100 , 230 , 116
2008 , 5 , 3501 , 3277 , 215 , 157
2009 , 10 , 2252 , 2426 , 210 , 98
2010 , 30 , 2193 , 2498 , 305 , 142
2011 , 49 , 1771 , 2484 , 286 , 218
2012 , 53 , 1814 , 3009 , 538 , 402
2013 , 131 , 2051 , 3379 , 565 , 498
2014 , 256 , 2236 , 5206 , 589 , 555
2015 , 499 , 2923 , 3926 , 559 , 601
2016 , 1503 , 3888 , 3532 , 270 , 1141
2017 , 2069 , 6556 , 5488 , 224 , 1949
2018 , 2198 , 7010 , 6132 , 154 , 892
2019 , 2329 , 6376 , 5988 , 275 , 962
2020 , 1295 , 4086 , 3854 , 201 , 377